"","t","y","treatment","point_estimate","upper_confidence_bound","lower_confidence_bound","p_value"
"1",1,1,1,1,1,-1,0.983920078788205
"2",2,0,0,1,1,-1,0.803732245074608
"3",3,0,0,1,1,-1,0.654114340727266
"4",4,1,0,0.5,1,-1,1
"5",5,0,0,0.666666666666667,1,-1,1
"6",6,1,1,0.680555555555556,1,-1,0.94028246312668
"7",7,0,0,0.761904761904762,1,-1,0.75981171256372
"8",8,0,0,0.816666666666667,1,-1,0.612058899086761
"9",9,0,1,0.596296296296296,1,-1,1
"10",10,1,1,0.653333333333333,1,-1,0.888548290145229
"11",11,0,1,0.510606060606061,1,-1,1
"12",12,0,0,0.531944444444444,1,-1,1
"13",13,0,0,0.548168498168498,1,-1,0.937235361026443
"14",14,0,1,0.457227891156463,1,-1,1
"15",15,1,0,0.335079365079365,1,-1,1
"16",16,0,0,0.359275793650794,1,-1,1
"17",17,1,1,0.414612511671335,1,-1,1
"18",18,0,0,0.434435626102293,1,-1,1
"19",19,0,1,0.371926027189185,1,-1,1
"20",20,0,1,0.319238816738817,1,-1,1
"21",21,1,0,0.238620902906617,1,-1,1
"22",22,1,1,0.287117932572478,1,-1,1
"23",23,1,1,0.328982370286718,1,-1,1
"24",24,1,0,0.265085377585378,1,-1,1
"25",25,1,0,0.208607836607837,1,-1,1
"26",26,0,1,0.165869173561481,1,-1,1
"27",27,1,0,0.11739782850894,1,-1,1
"28",28,0,0,0.145347906062192,1,-1,1
"29",29,0,0,0.17050832309453,1,-0.978421045846818,1
"30",30,0,1,0.136393339775693,1,-0.984359174838976,1
"31",31,0,0,0.158267091331607,1,-0.931163738307244,1
"32",32,1,1,0.190981501137751,1,-0.87518223529441,1
"33",33,0,0,0.210446708173981,1,-0.827373199630245,1
"34",34,1,1,0.239086820472269,1,-0.776788318226648,1
"35",35,1,1,0.26513797397256,1,-0.728889514761246,1
"36",36,0,1,0.233376100426539,1,-0.743049483057361,1
"37",37,0,1,0.204225361539603,1,-0.754318990350042,1
"38",38,1,0,0.167687575017093,1,-0.779239628796919,1
"39",39,0,0,0.18518276540127,1,-0.740889195780845,1
"40",40,0,1,0.159719862932905,1,-0.749961449817758,1
"41",41,0,1,0.136140901791623,1,-0.757214802507755,1
"42",42,0,1,0.114248658098172,0.991453251801244,-0.762955935604901,1
"43",43,0,1,0.0938729971678708,0.955177672670138,-0.767431678334397,1
"44",44,0,0,0.108612798196425,0.952987294024498,-0.735761697631649,1
"45",45,1,1,0.134482008741555,0.968147141379906,-0.699183123896797,1
"46",46,0,0,0.147927278701031,0.965734112927431,-0.669879555525369,1
"47",47,0,0,0.160506069255958,0.962933428871467,-0.641921290359551,1
"48",48,1,1,0.183694499576411,0.976176369810092,-0.608787370657271,1
"49",49,0,1,0.164639509789137,0.945267922574414,-0.61598890299614,1
"50",50,0,1,0.146713386260021,0.915602270253082,-0.62217549773304,1
"51",51,0,0,0.15785123338715,0.913324069740809,-0.597621602966509,1
"52",52,0,0,0.168336342804261,0.910777148150003,-0.574104462541481,1
"53",53,0,1,0.152097776104035,0.883866899450561,-0.579671347242491,1
"54",54,0,0,0.161811487225038,0.881349722391339,-0.557726747941263,1
"55",55,0,1,0.146748248063371,0.856160355910277,-0.562663859783536,1
"56",56,0,1,0.132482807881589,0.831912041024494,-0.566946425261316,1
"57",57,0,0,0.141361523604488,0.829664694857051,-0.546941647648074,1
"58",58,0,0,0.149774434315231,0.827254013236776,-0.527705144606313,1
"59",59,1,1,0.170614026018831,0.842888629520101,-0.50166057748244,1
"60",60,0,1,0.157080803746103,0.820691817489557,-0.506530209997351,1
"61",61,0,1,0.144202821970947,0.799264016162299,-0.510858372220404,1
"62",62,0,1,0.131935368223919,0.778571641181091,-0.514700904733253,1
"63",63,0,1,0.120237732633362,0.758582297306558,-0.518106832039835,1
"64",64,0,0,0.127645275667456,0.756868642817353,-0.50157809148244,1
"65",65,0,0,0.134701110038786,0.755027501229671,-0.485625281152098,1
"66",66,1,1,0.154194310976328,0.771011848556763,-0.462623226604108,1
"67",67,0,0,0.160806858917598,0.769119723475225,-0.447506005640028,1
"68",68,0,1,0.149762955530155,0.750995027170394,-0.451469116110084,1
"69",69,0,1,0.139188693694774,0.733437577875618,-0.45506019048607,1
"70",70,0,1,0.129055978765544,0.716424190049668,-0.458312232518581,1
"71",71,0,1,0.119338919020143,0.699932604589173,-0.461254766548887,1
"72",72,0,0,0.125349258107826,0.69848176521373,-0.447783248998077,1
"73",73,1,0,0.103706864783809,0.676625020392934,-0.469211290825316,1
"74",74,1,0,0.08296254838106,0.65511656236208,-0.48919146559996,1
"75",75,0,0,0.0897293969423284,0.655026288719511,-0.475567494834854,1
"76",76,1,0,0.0699083961053679,0.634190619320316,-0.49437382710958,1
"77",77,0,0,0.0768395026962541,0.63460981896789,-0.480930813575382,1
"78",78,0,1,0.0682070574300179,0.620049503794998,-0.483635388934962,1
"79",79,0,0,0.0747887135984587,0.62039668502265,-0.470819257825733,1
"80",80,0,1,0.0665862264733497,0.606502487678063,-0.473330034731364,1
"81",81,0,0,0.072844216605061,0.606787016038115,-0.461098582827993,1
"82",82,0,0,0.0788713989724591,0.606951607968976,-0.449208810024057,1
"83",83,0,0,0.0846798834397319,0.607006931261136,-0.437647164381672,1
"84",84,0,0,0.0902809373133892,0.606962633698897,-0.426400759072119,1
"85",85,0,1,0.0827525579300953,0.594357579921896,-0.428852464061705,1
"86",86,1,1,0.0987428543604582,0.609061351314441,-0.411575642593524,1
"87",87,0,1,0.0911924820702952,0.596662620756604,-0.414277656616014,1
"88",88,0,0,0.0964146124753681,0.596652938380174,-0.403823713429438,1
"89",89,0,0,0.101460004980752,0.596560707814123,-0.393640697852619,1
"90",90,1,1,0.116550404476477,0.610422316112755,-0.377321507159801,1
"91",91,0,0,0.121374636905917,0.610265487427314,-0.36751621361548,1
"92",92,0,0,0.126041484740431,0.610040099296567,-0.357957129815706,1
"93",93,0,1,0.118814164573543,0.598587687402715,-0.36095935825563,1
"94",94,0,0,0.123282661907532,0.59834618999421,-0.351780866179145,1
"95",95,0,0,0.127610426412243,0.598046655930084,-0.342825803105598,1
"96",96,1,1,0.141591894999878,0.610971686729553,-0.327787896729797,1
"97",97,1,0,0.125127103964497,0.594909053302815,-0.34465484537382,1
"98",98,0,0,0.129568924657869,0.594950513964384,-0.335812664648646,1
"99",99,1,0,0.113675418413089,0.579268979554411,-0.351918142728233,1
"100",100,0,1,0.106826716602117,0.568673386057953,-0.355019952853719,1
"101",101,1,1,0.119985832634744,0.580690974739305,-0.340719309469817,1
"102",102,0,1,0.113145696959115,0.570248804593038,-0.343957410674809,1
"103",103,0,1,0.106505746204471,0.560038752981829,-0.347027260572887,1
"104",104,1,1,0.119288358605365,0.571745723305536,-0.333169006094807,1
"105",105,0,0,0.123646784494105,0.572182946330437,-0.324889377342228,1
"106",106,0,1,0.117078711616863,0.562246457593519,-0.328089034359792,1
"107",107,1,0,0.102583001562959,0.547829761159787,-0.342663758033869,1
"108",108,1,0,0.0884883754582107,0.533611963313082,-0.356635212396661,1
"109",109,0,1,0.0822254720498336,0.524052950769161,-0.359602006669494,1
"110",110,1,1,0.0943154333232098,0.535117479519079,-0.346486612872659,1
"111",111,0,0,0.0988711501401178,0.536132070219227,-0.338389769938991,1
"112",112,1,0,0.0854477875982824,0.52248326202975,-0.351587686833185,1
"113",113,0,1,0.0793056616886393,0.51324225889685,-0.354630935519572,1
"114",114,0,1,0.0733254049280147,0.504188948285049,-0.35753813842902,1
"115",115,0,1,0.0675009124671609,0.495318117196509,-0.360316292262187,1
"116",116,0,1,0.0618263864835354,0.486624716133034,-0.362971943165963,1
"117",117,0,0,0.0662995950865986,0.487894654020295,-0.355295463847098,1
"118",118,0,0,0.070658535704172,0.48908962545238,-0.347772554044036,1
"119",119,0,0,0.0749073815086804,0.490213588613656,-0.340398825596296,1
"120",120,0,0,0.0790501024819838,0.491270252984754,-0.333170048020787,1
"121",121,1,1,0.0902320393404026,0.501766544021103,-0.321302465340298,1
"122",122,0,1,0.0847446048156649,0.493555002317468,-0.324065792686138,1
"123",123,0,0,0.0887204250350764,0.494557023129385,-0.317116173059232,1
"124",124,0,0,0.0926001339971321,0.495499443918441,-0.310299175924176,1
"125",125,0,1,0.087331620200721,0.487618243582541,-0.312955003181099,1
"126",126,0,0,0.0910883207011639,0.488517009049431,-0.306340367647104,1
"127",127,0,1,0.0859856123085461,0.480864971794954,-0.308893747177862,1
"128",128,0,1,0.0810026362947269,0.473353391692658,-0.311348119103204,1
"129",129,1,0,0.0691101739978685,0.461611775172746,-0.323391427177009,1
"130",130,0,1,0.0642812199967015,0.454288272482304,-0.325725832488901,1
"131",131,1,1,0.0748298659979011,0.464403000942053,-0.314743268946251,1
"132",132,0,0,0.0785382432580357,0.465477721331119,-0.308401234815047,1
"133",133,0,1,0.0737326469883808,0.45828886804986,-0.310823574073098,1
"134",134,1,1,0.0839595893373844,0.468065737342895,-0.300146558668127,1
"135",135,0,0,0.0875299157436923,0.469089000648539,-0.294029169161155,1
"136",136,0,1,0.082751494437386,0.462031450954681,-0.296528462079909,1
"137",137,0,1,0.0780770561578474,0.455095278442009,-0.298941166126315,1
"138",138,0,0,0.0815191911453628,0.456087243574684,-0.293048861283958,1
"139",139,1,0,0.0704980446762075,0.445226096912065,-0.30423000755965,1
"140",140,1,1,0.0802754691722352,0.454587158251897,-0.294036219907427,1
"141",141,0,0,0.0837509656572976,0.455696495375155,-0.28819456406056,1
"142",142,0,1,0.0791696151609154,0.448990477649369,-0.290651247327538,1
"143",143,0,0,0.0825481604206404,0.450058592103715,-0.284962271262434,1
"144",144,0,1,0.0780937908054779,0.443525229251923,-0.287337647640968,1
"145",145,0,1,0.073731039745654,0.437098673842609,-0.289636594351301,1
"146",146,0,1,0.0694572146067856,0.430776491237526,-0.291862062023955,1
"147",147,1,0,0.0590942627141203,0.420561821654838,-0.302373296226598,1
"148",148,0,1,0.0549337158939798,0.414377668566723,-0.304510236778763,1
"149",149,0,1,0.0508560964655144,0.408292174462719,-0.30657998153169,1
"150",150,0,1,0.0468590471644023,0.402303130324275,-0.30858503599547,1
"151",151,1,1,0.0561853329787321,0.411430177984605,-0.299059512027141,1
"152",152,0,1,0.0521722882331192,0.405475620758133,-0.301131044291895,1
"153",153,0,0,0.0554260641270204,0.40668608892743,-0.295833960673389,1
"154",154,0,0,0.058615345155194,0.407851182674867,-0.290620492364479,1
"155",155,1,1,0.067635612326817,0.416665849586051,-0.281394624932417,1
"156",156,0,0,0.0707397764692853,0.417777332477518,-0.276297779538948,1
"157",157,0,1,0.0667946697700629,0.412012814125507,-0.278423474585381,1
"158",158,0,0,0.0698205139410149,0.413088416819322,-0.273447388937292,1
"159",159,0,1,0.065974346217841,0.407459264594393,-0.275510572158711,1
"160",160,0,0,0.0689247998323561,0.408500652327043,-0.270651052662331,1
"161",161,0,1,0.0651738939138735,0.403002196637709,-0.272654408809962,1
"162",162,0,1,0.061491429868817,0.397584810623582,-0.274601950885948,1
"163",163,0,0,0.0643527332489166,0.398598848538035,-0.269893382040202,1
"164",164,0,0,0.0671608682768382,0.399576653684273,-0.265254917130597,1
"165",165,1,0,0.0577960493680371,0.390498678151258,-0.274906579415184,1
"166",166,1,1,0.0662935572208873,0.398889452705512,-0.266302338263738,1
"167",167,0,1,0.0626641013010296,0.393613008822787,-0.268284806220728,1
"168",168,0,0,0.0654836636427654,0.394673826767329,-0.263706499481798,1
"169",169,0,1,0.0619398640002211,0.38951424219394,-0.265634514193497,1
"170",170,0,0,0.0646932909572146,0.390543948226419,-0.26115736631199,1
"171",171,0,1,0.0612321497087647,0.385497416592995,-0.263033117175466,1
"172",172,0,0,0.0639217427251896,0.386497331502567,-0.258653846052187,1
"173",173,0,0,0.0665641054499647,0.387464758205194,-0.254336547305264,1
"174",174,0,0,0.0691604341982474,0.388400812940594,-0.2500799445441,1
"175",175,0,0,0.0717118845355453,0.38930656468959,-0.245882795618499,1
"176",176,1,1,0.0797529246005773,0.397316832379684,-0.237810983178529,1
"177",177,0,0,0.0822454517641794,0.398186398646176,-0.233695495117817,1
"178",178,0,0,0.0846957065553789,0.399027932335631,-0.229636519224873,1
"179",179,0,1,0.0813403724913316,0.394228193171335,-0.231547448188672,1
"180",180,0,1,0.0780406349351998,0.389492974025453,-0.233411704155054,1
"181",181,0,1,0.074795176445068,0.384821051772537,-0.235230698882401,1
"182",182,0,1,0.0716027212362806,0.380211231988087,-0.237005789515526,1
"183",183,0,1,0.0684620335056873,0.375662348232852,-0.238738281221478,1
"184",184,0,0,0.070807998634596,0.376494946551211,-0.234878949282019,1
"185",185,0,0,0.0731154887629668,0.377301868759183,-0.231070891233249,1
"186",186,1,1,0.0808120633533439,0.38505426340854,-0.223430136701852,1
"187",187,0,1,0.0776912620638727,0.380584739625145,-0.2252022154974,1
"188",188,0,1,0.0746196547926524,0.376172791703041,-0.226933482117736,1
"189",189,1,1,0.082178146583033,0.383778940162997,-0.21942264699693,1
"190",190,1,1,0.0896191015797518,0.391224129026249,-0.211985925866746,1
"191",191,0,0,0.09182586602756,0.391992475593589,-0.208340743538469,1
"192",192,0,0,0.0939975605211206,0.392737602937745,-0.204742481895504,1
"193",193,0,1,0.0908860615591955,0.388358961210152,-0.206586838091761,1
"194",194,0,1,0.0878219507155876,0.384034968856115,-0.20839106742494,1
"195",195,0,1,0.0848042002699217,0.379764664965768,-0.210156264425924,1
"196",196,0,1,0.0818318121305203,0.375547109624491,-0.211883485363451,1
"197",197,0,0,0.0839290276912383,0.376283205103223,-0.208425149720746,1
"198",198,1,1,0.0911174537446646,0.383523243301723,-0.201288335812394,1
"199",199,1,0,0.0831195729243744,0.375944455480695,-0.209705309631946,1
"200",200,0,0,0.085243995323177,0.376738563427184,-0.20625057278083,1
"201",201,0,1,0.0823036549930738,0.372604168502805,-0.207996858516657,1
"202",202,1,0,0.0744852168296336,0.365163653972166,-0.216193220312899,1
"203",203,1,0,0.0667843183732742,0.357786908511285,-0.224218271764737,1
"204",204,0,0,0.0690023214886014,0.358725144296497,-0.220720501319295,1
"205",205,1,1,0.0759001510125251,0.365626134958637,-0.213825832933587,1
"206",206,0,0,0.0780732338545959,0.366534234186984,-0.210387766477792,1
"207",207,1,1,0.084839606431226,0.373275279697906,-0.203596066835454,1
"208",208,0,0,0.0869691168703921,0.374154527495267,-0.200216293754483,1
"209",209,1,0,0.0794982385865891,0.366976476465001,-0.207979999291823,1
"210",210,0,1,0.076580254936973,0.362943151501032,-0.209782641627086,1
"211",211,1,1,0.083181888487721,0.369497736680448,-0.203133959705006,1
"212",212,1,1,0.0896913433468915,0.375930326759629,-0.196547640065847,1
"213",213,0,0,0.0918197318175283,0.376852196409811,-0.193212732774754,1
"214",214,0,1,0.088863539092242,0.372825921798635,-0.195098843614151,1
"215",215,0,1,0.0859479403240063,0.368845293050359,-0.196949412402347,1
"216",216,0,0,0.0880279253658061,0.369747993183777,-0.193692142452165,1
"217",217,0,1,0.0851658820039908,0.365836213706739,-0.195504449698758,1
"218",218,0,0,0.0872078665577956,0.366719194583074,-0.192303461467483,1
"219",219,0,0,0.0892213986283696,0.367581794260784,-0.189138997004045,1
"220",220,0,0,0.0912070521023645,0.368424549644826,-0.186010445440097,1
"221",221,0,0,0.0931653852418793,0.369247979876737,-0.182917209392978,1
"222",222,1,0,0.0860879322222658,0.362478398122204,-0.190302533677672,1
"223",223,0,0,0.0880751601767932,0.363349536236721,-0.187199215883135,1
"224",224,1,0,0.0811069720960851,0.356659235804501,-0.194445291612331,1
"225",225,1,1,0.0872607621261808,0.362766354264199,-0.188244830011838,1
"226",226,1,0,0.0804158747076296,0.356152697180028,-0.195320947764769,1
"227",227,0,0,0.0824725347859885,0.35712689536537,-0.192181825793393,1
"228",228,0,1,0.0797196450044547,0.353404356540661,-0.193965066531751,1
"229",229,1,0,0.0730068416844748,0.346899187248838,-0.200885503879888,1
"230",230,0,0,0.0750776070714273,0.347913921960891,-0.197758707818036,1
"231",231,1,0,0.0684633617284746,0.341483515939573,-0.204556792482624,1
"232",232,0,1,0.065781092546646,0.337848440593519,-0.206286255500228,1
"233",233,1,1,0.0717169223272961,0.343723440700781,-0.200289596046188,1
"234",234,0,0,0.0737909422442883,0.344771001223885,-0.197189116735308,1
"235",235,1,1,0.0796261355437648,0.350526444775147,-0.191274173687617,1
"236",236,1,1,0.0853874356413028,0.356186109464357,-0.185411238181752,1
"237",237,0,0,0.0874169372223304,0.357203692418573,-0.182369817973912,1
"238",238,0,1,0.0846785625309918,0.353567509329715,-0.184210384267731,1
"239",239,1,0,0.0783059756120463,0.347351829929202,-0.190739878705109,1
"240",240,0,0,0.0803466872197094,0.34840437572753,-0.187711001288111,1
"241",241,1,1,0.085963458108514,0.35391247772788,-0.181985561510852,1
"242",242,0,1,0.0832463928624019,0.350321514739918,-0.183828729015114,1
"243",243,1,1,0.0887931125171899,0.355750914696501,-0.178164689662121,1
"244",244,0,1,0.086075343038505,0.352173196609128,-0.180022510532117,1
"245",245,1,1,0.0915538213159332,0.357526308817866,-0.174418666185999,1
"246",246,0,0,0.0935273050192218,0.358544148728956,-0.171489538690512,1
"247",247,0,1,0.0908207167397918,0.354998372336229,-0.173356938856646,1
"248",248,0,0,0.0927624692048893,0.355997170869715,-0.170472232459936,1
"249",249,1,0,0.0866484756856124,0.35002810012676,-0.176731148755535,1
"250",250,0,1,0.0839954405798236,0.346547361065998,-0.178556479906351,1
"251",251,0,0,0.0859477561127496,0.347577910563173,-0.175682398337673,1
"252",252,0,1,0.083336743433634,0.344148888665156,-0.177475401797888,1
"253",253,0,0,0.0852582734373478,0.345160639816472,-0.174644092941777,1
"254",254,0,1,0.0826882925213748,0.341782203167908,-0.176405618125158,1
"255",255,1,0,0.0767366223818709,0.335970820319771,-0.182497575556029,1
"256",256,0,1,0.0742061007199225,0.33263625639932,-0.184224054959475,1
"257",257,1,1,0.0794869692501061,0.337828122063309,-0.178854183563097,1
"258",258,0,0,0.0814027467947087,0.338863960461161,-0.176058466871743,1
"259",259,1,1,0.0866027774179363,0.343961683619396,-0.170756128783523,1
"260",260,0,0,0.0884883775574863,0.344975463417562,-0.167998708302589,1
"261",261,1,1,0.0936094122953574,0.349981647003665,-0.16276282241295,1
"262",262,0,0,0.0954655419572506,0.350974043338702,-0.160042959424201,1
"263",263,0,0,0.0973003056590191,0.351949805985395,-0.157349194667357,1
"264",264,0,1,0.0947494296033343,0.348649704216943,-0.159150845010274,1
"265",265,1,1,0.0997743622808587,0.353560047757251,-0.154011323195533,1
"266",266,1,1,0.104743085085679,0.358399678056299,-0.148913507884942,1
"267",267,1,1,0.109656497609889,0.363170090842087,-0.143857095622308,1
"268",268,1,1,0.114515480214047,0.367872736877067,-0.138841776448973,1
"269",269,0,1,0.111885950313136,0.36453068386904,-0.140758783242767,1
"270",270,1,1,0.116692631691535,0.3691767074946,-0.135791444111531,1
"271",271,1,1,0.121446828598217,0.373757933263254,-0.13086427606682,1
"272",272,0,1,0.118796417437574,0.370413488413421,-0.132820653538274,1
"273",273,0,1,0.116174623109368,0.367099265412033,-0.134750019193298,1
"274",274,0,0,0.11792025128848,0.36803273575303,-0.132192233176071,1
"275",275,1,1,0.122609165992419,0.372556467419375,-0.127338135434538,1
"276",276,0,0,0.124328271289971,0.373470881888026,-0.124814339308085,1
"277",277,0,0,0.126028392733073,0.374370548899692,-0.122313763433547,1
"278",278,0,0,0.127709834394118,0.375255763363855,-0.119836094575619,1
"279",279,1,1,0.132299751129544,0.379678642905541,-0.115079140646453,1
"280",280,0,0,0.133956167751928,0.380546166744347,-0.112633831240492,0.973345781125523
"281",281,0,1,0.131364306008283,0.377305249873268,-0.114576637856702,1
"282",282,0,1,0.128799583287441,0.374092757486398,-0.116493590911516,1
"283",283,0,0,0.130427328193458,0.374945722428706,-0.114091066041791,1
"284",284,0,0,0.132037576114388,0.375785256202708,-0.111710103973932,0.986189348548594
"285",285,0,0,0.13363059965286,0.37661161992557,-0.109350420619851,0.933241035650874
"286",286,0,1,0.131120053918511,0.373469244244055,-0.111229136407034,0.991918125723642
"287",287,0,0,0.132691001710604,0.37428234634342,-0.108900342922211,0.939092915206386
"288",288,0,1,0.130215191360408,0.371180729483385,-0.11075034676257,0.997579086964323
"289",289,0,0,0.131764519468132,0.371980885835171,-0.108451846898907,0.944878599004779
"290",290,0,0,0.133297589801232,0.372768709800914,-0.106173530198449,0.894727052624167
"291",291,0,1,0.13086439566184,0.369720280029851,-0.107991488706171,0.950236523073295
"292",292,0,0,0.132376579063382,0.370495696279542,-0.105742538152779,0.900200574155721
"293",293,0,0,0.1338730806144,0.371259285515421,-0.103513124286621,0.852580913085588
"294",294,1,1,0.138284045521704,0.375554399745819,-0.0989863087024112,0.750670277251171
"295",295,1,0,0.132979940340443,0.370441904355185,-0.1044820236743,0.882493226959467
"296",296,0,0,0.134486897912505,0.371227762073822,-0.102253966248812,0.835280092308165
"297",297,0,1,0.132089684855167,0.368237114668931,-0.104057744958598,0.887567853057814
"298",298,0,0,0.133576509398246,0.369010868629954,-0.101857849833462,0.840453372924919
"299",299,0,0,0.135048262984349,0.369773205010665,-0.0996766790419665,0.795636612296137
"300",300,0,1,0.132691037912193,0.366832235835167,-0.101450160010781,0.845256124934819
"301",301,1,1,0.1370016077768,0.371033813043195,-0.0970305974895947,0.744677668479107
"302",302,0,1,0.134647242215059,0.36810317101619,-0.0988086865860732,0.791623416308636
"303",303,0,0,0.1360897997812,0.368850744722186,-0.0966711451597868,0.749341476481964
"304",304,0,0,0.137517962207558,0.369587448727297,-0.094551524312181,0.709143021489207
"305",305,1,1,0.141759607187925,0.373721287981345,-0.0902020736054945,0.623213904381143
"306",306,0,0,0.143168576165434,0.374444684704541,-0.0881075323736744,0.58893668977604
"307",307,0,1,0.140840818592385,0.371560045548483,-0.0898784083637119,0.627028114082106
"308",308,0,1,0.138535505933261,0.368698815449299,-0.091627803582777,0.66702592170133
"309",309,0,1,0.136252328378355,0.365860728835928,-0.0933560720792183,0.708990904364021
"310",310,0,0,0.137634627643815,0.366572715318125,-0.0913034600304942,0.671180683835772
"311",311,0,0,0.139003433771434,0.367274563980999,-0.0892676964381307,0.635237565750598
"312",312,0,1,0.136756882606137,0.364481865569739,-0.0909681003574647,0.675051621728915
"313",313,1,0,0.131718511149753,0.35965081126651,-0.0962137889670051,0.795080992269926
"314",314,0,1,0.129499881018338,0.356887321920908,-0.0978875598842321,0.843374143695577
"315",315,0,0,0.130875387032577,0.357611228847211,-0.0958604547820568,0.79970793268489
"316",316,0,0,0.132237696842143,0.358325127482724,-0.0938497337984374,0.758120788056163
"317",317,1,0,0.1272778452011,0.353564061565919,-0.0990083711637199,0.889704325231739
"318",318,0,0,0.128654436414478,0.35429974910248,-0.0969908762735244,0.843931497305429
"319",319,0,0,0.13001798905987,0.355025491847687,-0.0949895137279474,0.800318073328428
"320",320,0,0,0.131368681349994,0.355741457038682,-0.0930040943386935,0.758775374182627
"321",321,0,1,0.129212178025654,0.353059659095012,-0.094635303043705,0.804599494865691
"322",322,0,0,0.13054614068901,0.353765501692356,-0.0926732203143369,0.763135861902825
"323",323,0,0,0.131867653442901,0.354461923673505,-0.0907266167877024,0.723638451523007
"324",324,0,0,0.133176883778598,0.355149080929808,-0.0887953133726126,0.686025536418702
"325",325,0,0,0.134473996155994,0.355827126046891,-0.0868791337349039,0.650218026942124
"326",326,0,0,0.135759152073977,0.356496208392378,-0.0849779042444252,0.616139435482834
"327",327,0,0,0.137032510138777,0.357156474200785,-0.0830914539232308,0.583715837856491
"328",328,1,1,0.141032791036588,0.361096240876076,-0.0790306588028999,0.511594910042741
"329",329,1,1,0.14499658787605,0.364990666828697,-0.0749974910765974,0.447777868569788
"330",330,0,1,0.142863773292529,0.362364363887894,-0.0766368173028369,0.476580508172135
"331",331,0,0,0.144114078096878,0.363011540220461,-0.0747833840267049,0.450667393822919
"332",332,0,0,0.145353066405086,0.363650292545449,-0.0729441597352764,0.426071997462537
"333",333,0,1,0.143252255792849,0.36106322583895,-0.0745587142532516,0.453374879951903
"334",334,0,0,0.144476424686673,0.361693233500742,-0.0727403841273956,0.428803541891851
"335",335,0,0,0.145689624026691,0.362315112080801,-0.0709358640274179,0.40547913182996
"336",336,0,1,0.143620052700414,0.359766360654144,-0.0725262552533159,0.431364094665949
"337",337,1,1,0.14750361620095,0.363594031179079,-0.0685867987771797,0.376648310692451
"338",338,0,0,0.148698852183836,0.364205625960683,-0.0668079215930115,0.355913864967187
"339",339,1,1,0.152536625900143,0.367980992501689,-0.0629077407014041,0.310125510178156
"340",340,1,0,0.147835414084034,0.363503949495196,-0.0678331213271279,0.370593839785029
"341",341,0,1,0.145763100466744,0.360965709865781,-0.069439508932292,0.394747280883878
"342",342,0,0,0.146964844459308,0.361594676070067,-0.0676649871514501,0.373033284153996
"343",343,0,1,0.144916680027778,0.359084214508747,-0.0692508544531902,0.397151304055979
"344",344,1,0,0.140290514015707,0.354670630667796,-0.0740896026363817,0.4717143768427
"345",345,0,0,0.141501670597934,0.355317936794052,-0.0723145955981845,0.446270465591189
"346",346,0,0,0.142702329627568,0.3559573265914,-0.0705526673362644,0.422108951148427
"347",347,1,1,0.146453234265453,0.359646363692181,-0.0667398951612757,0.36914050538177
"348",348,0,1,0.144424639604364,0.357166443259837,-0.0683171640511091,0.393071703409787
"349",349,0,0,0.1456081542885,0.357795727721513,-0.0665794191445133,0.371536971341109
"350",350,1,0,0.141067242414412,0.35346010477325,-0.0713256199444255,0.44126469937857
"351",351,0,0,0.142263067892921,0.354107383916382,-0.0695812481305401,0.417308372215637
"352",352,1,1,0.145950916391332,0.357730801845022,-0.0658289690623576,0.36521192772594
"353",353,0,1,0.143941635431843,0.355280773542631,-0.0673975026789444,0.388949528220791
"354",354,1,1,0.147599110260298,0.358870912908635,-0.0636726923880397,0.340213215385868
"355",355,1,1,0.151225671213332,0.362423145661409,-0.0599718032347449,0.297223301021697
"356",356,0,1,0.149203716772226,0.359969502485989,-0.0615620689415363,0.317125095989487
"357",357,0,0,0.150372842068282,0.36060267463245,-0.0598569904958871,0.299260257268895
"358",358,0,0,0.151532155548484,0.361228405889932,-0.0581640947929641,0.282344692867098
"359",359,0,0,0.152681775756025,0.361846805638902,-0.0564832541268513,0.266332089373211
"360",360,0,1,0.150693500115045,0.359435239414512,-0.0580482391844225,0.284173501240152
"361",361,1,1,0.154261908394197,0.362935506875428,-0.0544116900870347,0.247741078743737
"362",362,0,0,0.155395636762321,0.36354446550959,-0.0527531919849487,0.233544652495495
"363",363,0,0,0.156519990136535,0.364146358830836,-0.051106378557766,0.220119426013865
"364",364,1,1,0.160039405753204,0.367594091119887,-0.0475152796134794,0.191397653914781
"365",365,1,1,0.163529889392417,0.371006553503277,-0.0439467747184435,0.166244382728244
"366",366,0,1,0.161527302476383,0.36859826161588,-0.0455436566631142,0.178005638860919
"367",367,0,0,0.162633296578843,0.36918956035046,-0.0439229671927736,0.167507302591614
"368",368,1,0,0.158295478455347,0.365049560904609,-0.0484586039939147,0.201152837372199
"369",369,1,0,0.153992922074474,0.360932574535881,-0.052946730386934,0.240459541669423
"370",370,0,1,0.152022829729425,0.358559466112128,-0.0545138066532769,0.256898744779005
"371",371,0,1,0.150068663145322,0.356202649332029,-0.0560653230413852,0.274260355450821
"372",372,0,1,0.148130236995538,0.35386196722942,-0.0576014932383438,0.292582737715736
"373",373,0,1,0.146207368851142,0.35153726470844,-0.0591225270061562,0.311905073881876
"374",374,0,1,0.144299879122839,0.349228388520094,-0.0606286302744167,0.332267341355937
"375",375,0,0,0.145422567886,0.349856090812261,-0.0590109550402615,0.313925183636981
"376",376,0,1,0.143535340913292,0.34757029361426,-0.0604996117876771,0.33426950802148
"377",377,0,0,0.144646146370557,0.34819050644208,-0.0588982137009671,0.315930863443248
"378",378,1,1,0.14806986627783,0.351556260187929,-0.0554165276322686,0.276228810761488
"379",379,1,0,0.14389178507958,0.347555286145098,-0.0597717159859377,0.327943485035528
"380",380,1,0,0.139746772223726,0.343576231523971,-0.0640826870765178,0.387627317795543
"381",381,0,1,0.137876171353481,0.341313504142594,-0.0655611614356314,0.412338090111165
"382",382,0,1,0.136020218330049,0.339065890361654,-0.0670254537015569,0.438319279620006
"383",383,0,1,0.134178748247858,0.3368332480608,-0.0684757515650831,0.465617103285119
"384",384,0,0,0.135307050155673,0.337486322859613,-0.0668722225482667,0.440900197664306
"385",385,0,1,0.133484681356303,0.335275502867771,-0.0683061401551643,0.46816347960411
"386",386,0,0,0.134601320581811,0.335921013789022,-0.0667183726254012,0.44346200691336
"387",387,0,1,0.132797757390173,0.333731701083736,-0.0681361863033891,0.470690063571855
"388",388,0,0,0.13390291384374,0.334369778587198,-0.0665639508997176,0.446004878813831
"389",389,0,1,0.132117866656026,0.33220166409524,-0.0679659307831867,0.47319705142805
"390",390,0,0,0.133211716566245,0.332832435659137,-0.0664090025266468,0.448528983919771
"391",391,0,0,0.134297141583046,0.333456622668995,-0.0648623395029038,0.425059692895412
"392",392,1,0,0.13027219446462,0.329600028972092,-0.0690556400428517,0.49992709748653
"393",393,0,1,0.128514345928172,0.327463946113847,-0.0704352542575017,0.529859480400609
"394",394,0,0,0.129606489615712,0.328101201168486,-0.0688882219370615,0.502656347805169
"395",395,0,1,0.127866422407268,0.325985507712116,-0.0702526628975807,0.532544714523101
"396",396,0,1,0.126139501499675,0.323883502274157,-0.0716044992748062,0.56384985305297
"397",397,0,0,0.127217955436164,0.324512954927388,-0.0700770440550605,0.535353328061271
"398",398,0,0,0.128288256979146,0.32513600256408,-0.0685594886057872,0.508191785933956
"399",399,0,0,0.129350494961959,0.325752728757006,-0.067051738833089,0.482309550597836
"400",400,0,0,0.130404756915508,0.326363215667253,-0.0655537018362363,0.457652828668525
"401",401,0,0,0.131451129092776,0.326967544074223,-0.0640652858886705,0.434169673628195
"402",402,0,0,0.132489696492746,0.327565793404856,-0.0625864004193637,0.411809948829053
"403",403,1,1,0.135764112153858,0.330813701185371,-0.059285476877655,0.361484272159735
"404",404,1,0,0.131841934584588,0.327064072556432,-0.0633802033872564,0.426293780114525
"405",405,0,1,0.130145766246878,0.325008400035143,-0.0647168675413879,0.451875995032257
"406",406,0,1,0.128462139190815,0.322965750721969,-0.0660414723403377,0.478693854736031
"407",407,1,1,0.131704924750713,0.32618043598114,-0.0627705864797148,0.421350261189459
"408",408,0,0,0.132742314432697,0.326787309964453,-0.061302681099058,0.39949317139481
"409",409,1,0,0.128882117010191,0.323090397685716,-0.0653261636653347,0.469565822731827
"410",410,0,0,0.12992818843515,0.323709752666557,-0.0638533757962573,0.445427345480444
"411",411,1,1,0.133123668541362,0.326871926703091,-0.0606245896203675,0.392028642897681
"412",412,1,1,0.136295859403096,0.330005669140528,-0.0574139503343365,0.344617349601352
"413",413,0,1,0.134602390503532,0.327966139650313,-0.0587613586432484,0.36596569397745
"414",414,1,0,0.130802428980495,0.324318862051072,-0.062714004090081,0.430034379457969
"415",415,1,1,0.133944549895472,0.327418645290559,-0.0595295454996154,0.37878736909941
"416",416,0,1,0.132256335009162,0.325387645808572,-0.0608749757902482,0.402112864920516
"417",417,0,1,0.130580244035522,0.323369167513147,-0.0622086794421019,0.426605385471148
"418",418,0,0,0.131619550513827,0.323993901022797,-0.0607547999951428,0.40435372474824
"419",419,0,1,0.129959443707195,0.321993594896721,-0.0620747074823323,0.428821885818021
"420",420,0,1,0.12831116475116,0.320005536646419,-0.0633832071440983,0.454489777498825
"421",421,1,0,0.124587589007066,0.316426548004426,-0.0672513699902927,0.531243644778351
"422",422,0,0,0.125629882199991,0.317061370966334,-0.0658016065663508,0.504293258759349
"423",423,1,0,0.121936637186963,0.313506401124125,-0.0696331267501977,0.587784984357015
"424",424,0,1,0.120311578047826,0.311543893782025,-0.0709207376863734,0.621674947045952
"425",425,0,1,0.118697970052747,0.309593284368839,-0.0721973442633448,0.657119144235268
"426",426,0,0,0.119742975546738,0.310237760496511,-0.0707518094030346,0.624724001534347
"427",427,0,0,0.120780625741089,0.310876297985507,-0.069315046503329,0.593799077221593
"428",428,0,0,0.121810995242447,0.31150896813781,-0.0678869776529156,0.564285705587811
"429",429,0,0,0.122834157639438,0.312135841141294,-0.0664675258624184,0.536127061370963
"430",430,1,0,0.119199022729788,0.308639065153503,-0.0702410196939274,0.623956160759329
"431",431,1,0,0.115589149631921,0.305159712514205,-0.0739814132503627,0.723341134573764
"432",432,0,0,0.116633915366431,0.30581351076085,-0.0725456800279882,0.688080379592343
"433",433,0,0,0.117671463223619,0.30646144718382,-0.0711185207365824,0.654395279132734
"434",434,0,0,0.118701864892607,0.307103590416226,-0.0696998606310113,0.622224424578391
"435",435,0,1,0.117132782977787,0.305209750163098,-0.0709441842075251,0.657352899453589
"436",436,0,1,0.115574537703874,0.303327167070368,-0.07217809166262,0.694054576728591
"437",437,0,1,0.114027021059951,0.30145574605243,-0.0734017039325274,0.732376791200051
"438",438,0,1,0.1124901264852,0.299595393044173,-0.0746151400737735,0.772367176786649
"439",439,0,0,0.113504020634547,0.300228745734225,-0.0732207044651321,0.735680373030592
"440",440,1,1,0.116526552764162,0.303232711305386,-0.0701796057770624,0.653349412827247
"441",441,0,1,0.114993342893058,0.301380471024728,-0.071393785238611,0.689558511962451
"442",442,1,0,0.111470921514063,0.297987600345695,-0.075045757317569,0.797321630573638
"443",443,1,1,0.114466271890806,0.300960724180341,-0.0720281803987292,0.709434337969854
"444",444,1,1,0.117441366456227,0.303909201251532,-0.0690264683390786,0.630426319642836
"445",445,1,0,0.113958503986814,0.300545752092472,-0.0726287441188434,0.72895785491162
"446",446,0,1,0.112422628655203,0.298696216071161,-0.0738509587607558,0.769270511308341
"447",447,0,0,0.113445188158116,0.299348655421669,-0.072458279105437,0.732303428652163
"448",448,0,1,0.111923020893664,0.297514731746076,-0.0736686899587487,0.772554526606467
"449",449,1,1,0.114865365422377,0.300430218689956,-0.0706994878452028,0.687757329421253
"450",450,0,0,0.115876555262884,0.301074776652525,-0.0693216661267564,0.654285008497193
"451",451,1,1,0.118792818136162,0.303960815634336,-0.0663751793620125,0.581310915782307
"452",452,0,1,0.117264959224291,0.302127645022154,-0.0675977265735723,0.614387728583111
"453",453,1,1,0.120162213174197,0.304992897520296,-0.0646684711719031,0.545558626909507
"454",454,0,0,0.121160001019048,0.30562826364218,-0.063308261604084,0.518214740529834
"455",455,1,0,0.117755594302269,0.302338032260427,-0.0668268436558898,0.600455442049147
"456",456,0,0,0.118759564748838,0.302982516874916,-0.0654633873772398,0.570631894010123
"457",457,0,0,0.119756942951814,0.303621575131565,-0.0641076892279366,0.542173738438678
"458",458,0,0,0.12074779125078,0.30425526720799,-0.0627596847064303,0.515025843411732
"459",459,0,0,0.121732171192699,0.30488365241027,-0.0614193100248717,0.4891348437332
"460",460,0,0,0.122710143544842,0.305506789188907,-0.0600865020992224,0.464449112600908
"461",461,1,0,0.119343373513519,0.302256149558573,-0.0635694025315363,0.53912922171332
"462",462,0,1,0.117842718940483,0.300461419599164,-0.0647759817181982,0.570004551710471
"463",463,0,0,0.118824583428943,0.301092636495055,-0.0634434696371687,0.541753637351931
"464",464,0,0,0.119800120732835,0.30171865399589,-0.0621184125302201,0.514794814944085
"465",465,0,0,0.120769389464232,0.30233952846265,-0.0608007495341861,0.489075845905551
"466",466,0,0,0.121732447506423,0.302955315459399,-0.0594904204465532,0.464546178150989
"467",467,1,0,0.118406696779261,0.299745914264001,-0.0629325207054782,0.539076967166265
"468",468,0,1,0.116931748875371,0.297982692218275,-0.0641191944675328,0.569724625048312
"469",469,0,0,0.117898566078562,0.298606275433534,-0.0628091432764088,0.541662241362627
"470",470,0,0,0.118859249307042,0.299224817916247,-0.0615063193021639,0.514874818754834
"471",471,1,1,0.121646218499872,0.301985181329092,-0.0586927443293465,0.456564428135585
"472",472,0,1,0.120178068998135,0.300233770073691,-0.0598776320774214,0.482990314337745
"473",473,0,0,0.121128702226906,0.300845338430396,-0.0585879339765843,0.458826299854875
"474",474,0,0,0.122073354703744,0.301452002759265,-0.0573052933517757,0.435782921466245
"475",475,0,1,0.120620635889474,0.29971888378104,-0.0584776120020921,0.460971751759676
"476",476,0,1,0.119177130067537,0.297995269373077,-0.0596410092380037,0.487345314846655
"477",477,0,0,0.120111812892863,0.298595579462255,-0.0583719536765293,0.463206162833907
"478",478,1,1,0.122864502480739,0.301326089339014,-0.055597084377537,0.410201758560053
"479",479,0,0,0.123791514110812,0.301920443851717,-0.0543374156300925,0.389472564904354
"480",480,0,1,0.122354464442928,0.300208078406343,-0.0554991495204874,0.412145750424677
"481",481,1,1,0.125084430599194,0.302914885720947,-0.0527460245225584,0.364547395311522
"482",482,1,1,0.127797319671413,0.305601091527653,-0.0500064521848259,0.322087108982554
"483",483,0,1,0.126352499193402,0.303885135556616,-0.0511801371698119,0.341338763817808
"484",484,0,1,0.124916663843544,0.302178421278175,-0.0523450935910875,0.361541185257976
"485",485,0,0,0.125828474451584,0.302763603708634,-0.0511066548054651,0.343096883999934
"486",486,1,1,0.128519688502921,0.305429194908392,-0.0483898179025492,0.302970045640374
"487",487,0,0,0.129424074935375,0.306008615494623,-0.047160465623874,0.28722064633071
"488",488,1,1,0.132093165124105,0.308649361481375,-0.0444630312331658,0.253192269782572
"489",489,0,1,0.130655854224989,0.306947621726404,-0.045635913276426,0.268687421202064
"490",490,0,1,0.129227359759622,0.3052549301628,-0.046800210643557,0.284974319549484
"491",491,1,0,0.126047411676322,0.302190551193351,-0.0500957278407067,0.33281893143324
"492",492,1,0,0.122886812710547,0.299139894405796,-0.0533662689847018,0.387364698697295
"493",493,0,1,0.121472910235778,0.29746211541549,-0.0545162949439339,0.409990207221156
"494",494,1,1,0.124116193358534,0.300077129585474,-0.0518447428684071,0.363267136555383
"495",495,0,1,0.122703029437511,0.298402167672271,-0.0529961087972495,0.384655912467354
"496",496,0,0,0.123612871292001,0.298996765829822,-0.0517710232458208,0.36510861179608
"497",497,0,1,0.122211079325527,0.297334562470735,-0.0529124038196807,0.386486773551048
"498",498,0,0,0.12311361489303,0.297923934382218,-0.0516967045961577,0.366940206946446
"499",499,1,1,0.125731074194751,0.300514775344189,-0.0490526269546873,0.324732814497289
"500",500,0,0,0.126626407227084,0.30109848724685,-0.0478456727926822,0.307998819954753
"501",501,0,1,0.125230935036845,0.299446870245227,-0.0489850001715363,0.326327298817921
"502",502,0,0,0.126119135504344,0.300025491894446,-0.0477872208857581,0.309590684591166
"503",503,1,1,0.128710902188784,0.302590492990538,-0.0451686886129701,0.273495158344787
"504",504,0,0,0.129592070699886,0.303163602465082,-0.0439794610653103,0.259211352134608
"505",505,0,0,0.13046801013034,0.303732403805093,-0.0427963835444118,0.245628640105048
"506",506,0,0,0.131338765150847,0.304296939841778,-0.0416194095400838,0.232715559278589
"507",507,0,0,0.132204379919186,0.304857252849686,-0.0404484930113131,0.220441867691111
"508",508,0,1,0.130823372065878,0.303227504351846,-0.0415807602200907,0.233921397928229
"509",509,0,0,0.131682179486586,0.303782992147397,-0.0404186331742259,0.221641556503209
"510",510,1,1,0.134233576817218,0.306309239137482,-0.0378420855030472,0.195097859879538
"511",511,0,0,0.13508571754519,0.306859541473132,-0.0366881063827509,0.184679019661718
"512",512,0,1,0.133710876456836,0.305239964510166,-0.0378182115964943,0.196138152362492
"513",513,0,0,0.134556367856244,0.305785563964206,-0.0366728282517179,0.18571208704934
"514",514,0,0,0.135396938963535,0.306327137593225,-0.0355332596661554,0.175810243653135
"515",515,1,1,0.137918928759388,0.308824407037068,-0.032986549518292,0.154408570641139
"516",516,0,1,0.136550237440367,0.307214894067739,-0.034114419187004,0.164125525206701
"517",517,0,1,0.135189507550957,0.305613520675098,-0.035234505573183,0.174362871850526
"518",518,0,0,0.136020375621156,0.306148885917833,-0.0341081346755207,0.165052486450664
"519",519,1,1,0.138523700640186,0.308628429598483,-0.0315810283181119,0.144892433939058
"520",520,0,1,0.137166400128824,0.307033295953771,-0.032700495696122,0.154024318976328
"521",521,0,0,0.137989325921906,0.307563147238794,-0.0315844953949814,0.14572671614702
"522",522,1,1,0.140473844819821,0.310023211684278,-0.0290755220446356,0.127800250347448
"523",523,1,1,0.142944092512591,0.312466241415114,-0.026578056389932,0.111976280069339
"524",524,0,0,0.14375920359004,0.312990236192597,-0.0254718290125177,0.105768493242727
"525",525,1,1,0.14621061540085,0.315412276763999,-0.0229910459622982,0.0925372078305813
"526",526,0,0,0.147019542714933,0.315931493847679,-0.021892408417814,0.0873292458887429
"527",527,1,1,0.149452333263718,0.318332820771681,-0.019428154244246,0.0762961908661346
"528",528,0,0,0.150255146916929,0.31884732555306,-0.0183370317192021,0.0719390845196555
"529",529,0,1,0.14888880923891,0.317253541132645,-0.0194759226548246,0.0767715559048267
"530",530,1,0,0.145911979862168,0.314392528917684,-0.0225685691933489,0.0910964751873806
"531",531,0,0,0.146718424719554,0.31491357851077,-0.021476729071662,0.0859611440985844
"532",532,1,1,0.149124345667608,0.317287160005312,-0.0190384686700973,0.0751365757500172
"533",533,0,0,0.149924763962811,0.317803549953154,-0.0179540220275333,0.0708390257117508
"534",534,0,1,0.148567319239832,0.316222152074584,-0.0190875135949195,0.075605181958617
"535",535,1,1,0.150955812432275,0.31857785325726,-0.01666622839271,0.066026022452108
"536",536,1,1,0.153330927619316,0.320917715958681,-0.01425586072005,0.0576137808096957
"537",537,0,0,0.154122412314541,0.321427995276668,-0.0131831706475866,0.054256050596529
"538",538,1,1,0.156479865911406,0.323748325900837,-0.0107885940780241,0.0472808606212796
"539",539,0,0,0.157265479612049,0.324254081277456,-0.00972312205335862,0.044487883776094
"540",540,1,1,0.1596054678889,0.326555128611044,-0.00734419283324289,0.0387186529366642
"541",541,0,0,0.160385275677426,0.327056420199226,-0.00628586884437266,0.0364012653986815
"542",542,0,1,0.159017955106635,0.325473958917876,-0.00743804870460579,0.0389875819833913
"543",543,0,0,0.159792021107098,0.325971199870878,-0.00638715765668141,0.0366641966905844
"544",544,0,0,0.160561819806472,0.326464967968731,-0.00534132835578749,0.0344745385008772
"545",545,0,0,0.16132738508908,0.326955295231041,-0.00430052505288112,0.0324112500158189
"546",546,0,1,0.159975076898226,0.325390553506006,-0.00544039970955423,0.0347145606565143
"547",547,0,1,0.158630193291641,0.323833295019285,-0.00657290843600283,0.0371624360992518
"548",548,0,0,0.159388768784504,0.324319166768211,-0.00554162919920279,0.0349620027122469
"549",549,0,1,0.158053683425019,0.322772640461373,-0.00666527361133606,0.037414785891626
"550",550,0,0,0.158806742602286,0.323254638346081,-0.00564115314150809,0.0352088575693004
"551",551,0,1,0.157481348799415,0.321718734834237,-0.00675603723540716,0.0376664578478821
"552",552,0,0,0.158228951614573,0.322196905004953,-0.00573900177580666,0.0354551213106227
"553",553,1,0,0.155355865873718,0.319441539830229,-0.00872980808279331,0.0424205677225467
"554",554,0,0,0.15610841748254,0.31992639944441,-0.00770956447932908,0.0399431240430803
"555",555,0,1,0.15479737228294,0.318406552164176,-0.00881180759829661,0.0426989069902793
"556",556,0,0,0.155544506766674,0.318887590604485,-0.0077985770711369,0.0402157440441794
"557",557,1,1,0.157833544101523,0.321147662185879,-0.00548057398283328,0.0349721963060173
"558",558,1,0,0.154991125197705,0.318419516366981,-0.00843726597157166,0.0418053889077673
"559",559,1,1,0.15726379697474,0.320660148186004,-0.0061325542365244,0.0363926465872849
"560",560,1,0,0.154441666779484,0.31794713321086,-0.00906379965189161,0.0434255919048589
"561",561,0,0,0.15519965388374,0.318442651136829,-0.00804334336934934,0.040877378632311
"562",562,0,1,0.153893390070609,0.316931926856492,-0.00914514671527406,0.0437118349126285
"563",563,0,0,0.154645987125768,0.317423591477508,-0.00813161722597125,0.0411575710492469
"564",564,0,0,0.1553945917647,0.317911982636388,-0.00712279910698815,0.038747213462077
"565",565,0,1,0.154099879719738,0.316414489539479,-0.00821473010000393,0.0414279885263756
"566",566,0,1,0.152812049490418,0.314923944709687,-0.00929984572885123,0.0442723115272644
"567",567,0,1,0.151531048275033,0.313440302475199,-0.0103782059251332,0.0472886558633679
"568",568,0,1,0.150256823817772,0.311963517544884,-0.0114498699093392,0.0504858398290248
"569",569,0,1,0.14898932440147,0.310493545004705,-0.0125148962017644,0.0538730352785924
"570",570,0,1,0.147728498840473,0.309030340314165,-0.0135733426332183,0.0574597762171041
"571",571,0,0,0.148465263383015,0.309512374347825,-0.0125818475817956,0.0542143854188955
"572",572,0,0,0.149198164927157,0.309991237632268,-0.011594907777955,0.0511452281717397
"573",573,0,1,0.147948335720841,0.308540694851676,-0.0126440234099932,0.0545434292846004
"574",574,1,0,0.145191810031594,0.305893359146642,-0.0155097390834544,0.0647664962725446
"575",575,0,1,0.143950695732062,0.30445159044819,-0.0165501989840647,0.0689950153325841
"576",576,1,0,0.141213292184645,0.301819297766656,-0.0193927133973657,0.0816191984263408
"577",577,1,1,0.143447006463638,0.304030351889959,-0.0171363389626827,0.0714923642786733
"578",578,0,0,0.144188744793046,0.304522510564846,-0.0161450209787551,0.067506684247524
"579",579,0,0,0.144926643320756,0.305011492249235,-0.015158205607724,0.0637340335340123
"580",580,1,1,0.147141084783767,0.307202012638922,-0.0129198430713882,0.0557236680992913
"581",581,0,1,0.145901736942591,0.305766066541888,-0.0139625926567071,0.0594163792945892
"582",582,1,1,0.148105206279632,0.307944766118388,-0.0117343535591235,0.051931828333029
"583",583,0,0,0.148835528672827,0.30842842617353,-0.0107573688278759,0.0489763634348392
"584",584,0,0,0.149562100557619,0.30890898779107,-0.0097847866758328,0.0461827242469853
"585",585,0,0,0.150284949681163,0.309386477392851,-0.0088165780305243,0.0435424879677463
"586",586,0,0,0.151004103514488,0.309860921105509,-0.00785271407653282,0.0410476402877223
"587",587,0,1,0.149774123382788,0.30843859648487,-0.00889034971929425,0.0438132745429366
"588",588,0,0,0.150488382582173,0.308909522056305,-0.00793275689195838,0.0413129631897488
"589",589,0,0,0.151199010965829,0.309377459998166,-0.00697943806650758,0.0389501543181363
"590",590,0,1,0.149979447811904,0.307967080674731,-0.00800818505092382,0.041569136118011
"591",591,0,0,0.150685262593099,0.30843156589684,-0.00706104071064179,0.0392011405713259
"592",592,0,0,0.151387509558346,0.308893120300138,-0.00611810118344719,0.0369631973821438
"593",593,0,0,0.15208621465905,0.309351768443079,-0.00517933912497975,0.0348484955111601
"594",594,1,1,0.154245954295296,0.311490772198499,-0.00299886360790688,0.0303279846687212
"595",595,0,1,0.153033421793365,0.31009079924648,-0.00402395565975086,0.0323940350478015
"596",596,0,0,0.153726299777881,0.310545353137037,-0.00309275358127506,0.0305286348271134
"597",597,0,0,0.154415706478996,0.310997063101831,-0.00216565014383996,0.0287670274224414
"598",598,0,0,0.155101666914889,0.31144595274884,-0.0012426189190618,0.027103687475175
"599",599,0,0,0.155784205861516,0.311892045429775,-0.000323633706741794,0.0255333666542801
"600",600,1,1,0.157919116514548,0.314006960213792,0.00183127281530396,0.02217324041654
"601",601,1,1,0.160043321221001,0.316109235658351,0.00397740678365077,0.0192421783002279
"602",602,1,0,0.157398039511427,0.313572938618958,0.00122314040389571,0.0230753133689009
"603",603,0,0,0.15808260949679,0.314023230666131,0.00214198832744922,0.0217177834874322
"604",604,0,0,0.15876379510454,0.314470749002477,0.0030568412066021,0.0204376199613549
"605",605,1,1,0.160866915955572,0.316550098807058,0.00518373310408601,0.0177372673744219
"606",606,0,0,0.161543676058723,0.316994186580288,0.00609316553715764,0.0166794649490827
"607",607,0,0,0.162217108662623,0.317435552744857,0.00699866458038845,0.0156828898141943
"608",608,0,1,0.16101337113649,0.316053210363172,0.00597353190980826,0.0167946598568579
"609",609,0,1,0.159815595502228,0.314676865891257,0.00495432511319954,0.0179770138916334
"610",610,0,0,0.160483466375961,0.315114594727275,0.0058523380246463,0.0169131614069808
"611",611,0,1,0.159293543943619,0.313746802002812,0.00484028588442528,0.0180984113048903
"612",612,0,1,0.15810948251185,0.312384915572515,0.00383404945118471,0.019357989255313
"613",613,0,1,0.156931240356416,0.311028899230128,0.00283358148270296,0.0206959519334467
"614",614,1,1,0.159016105144029,0.313094719987766,0.00493749030029167,0.01796102656018
"615",615,1,1,0.161090765279218,0.315148516316814,0.00703301424162187,0.0155772355991821
"616",616,0,1,0.159908539633178,0.31379069421154,0.00602638505481692,0.0166716852768443
"617",617,0,0,0.160566663401181,0.314222598949772,0.00691072785259045,0.0156866364423672
"618",618,0,1,0.159392093645991,0.312873117766524,0.00591106952545825,0.0167838064818084
"619",619,1,0,0.15681494303458,0.31040319292726,0.00322669314189927,0.0201338786313688
"620",620,0,0,0.157476034615239,0.310839995711567,0.00411207351891155,0.018956420132359
"621",621,0,1,0.156310958293209,0.309500621593941,0.00312129499247629,0.0202655895016502
"622",622,0,1,0.155151515508428,0.308166935491061,0.00213609552579583,0.0216556240853014
"623",623,1,1,0.157207939810307,0.310204899977664,0.00421097964294923,0.0188125884366682
"624",624,0,1,0.156049332268894,0.308873128225485,0.00322553631230291,0.0201092070197442
"625",625,1,0,0.153503015674566,0.306430430124491,0.000575601224640537,0.0240519005128731
"626",626,0,0,0.154163769622035,0.306870396097649,0.00145714314642079,0.0226621549050947
"627",627,1,1,0.156204213651804,0.308891324470857,0.00351710283275186,0.0197047311696951
"628",628,1,1,0.158234893735912,0.310900780284093,0.00556900718773104,0.0171218910477458
"629",629,0,0,0.158890428815418,0.311336773315793,0.00644408431504317,0.0161113974169626
"630",630,0,1,0.157733597253921,0.310010009438964,0.00545718506887807,0.0172359933638218
"631",631,0,1,0.156582270590488,0.308688796435272,0.0044757447457035,0.0184310072092185
"632",632,0,0,0.157232616625054,0.309121355712043,0.00534387753806534,0.0173533253117688
"633",633,1,0,0.154720325098817,0.306710000069039,0.002730650128594,0.0207635820817301
"634",634,0,1,0.153578097564408,0.305398480655398,0.00175771447341885,0.022185103248127
"635",635,1,0,0.151081607117035,0.302999632541106,-0.000836418307036124,0.0264550501213975
"636",636,0,0,0.151741527297092,0.303444275363375,3.87792308079726e-05,0.0249343108751456
"637",637,0,1,0.150608283936074,0.302142338879985,-0.000925771007835668,0.0266196719125595
"638",638,0,1,0.149480376827861,0.300845797767676,-0.00188504411195378,0.0284066781300634
"639",639,0,0,0.150135126732728,0.301286973296913,-0.00101671983145771,0.0267890441244907
"640",640,0,0,0.150786811390131,0.301725602545013,-0.000151979764750898,0.0252604404913764
"641",641,0,1,0.149667697643502,0.30043908810714,-0.00110369282013689,0.0269530485419047
"642",642,1,1,0.151669085489351,0.302423821981073,0.000914348997628933,0.0234831916988991
"643",643,1,1,0.153661124961122,0.304397574412293,0.00292467550995232,0.020446176885276
"644",644,1,1,0.155643879036226,0.306360436196609,0.00492732187584258,0.0177901311717666
"645",645,0,1,0.154516634926978,0.305068677781249,0.00396459207270716,0.0190157491057541
"646",646,0,0,0.155160268056083,0.305501893661998,0.00481864245016758,0.0179091631409706
"647",647,1,1,0.157131180404181,0.307452594534881,0.0068097662734809,0.0155718250711075
"648",648,1,1,0.15909297199087,0.309392623105262,0.00879332087647733,0.0135309136217787
"649",649,1,0,0.156649969240053,0.307043582572656,0.00625635590745094,0.0161850672507834
"650",650,0,0,0.157295169886397,0.30748017386081,0.00711016591198504,0.0152298176760587
"651",651,0,0,0.157937396377178,0.307914288661348,0.007960504093008,0.0143292837419655
"652",652,0,0,0.158576668473546,0.308345945793724,0.00880739115336848,0.013480447063254
"653",653,1,0,0.156150218623648,0.306012391690668,0.00628804555662807,0.0161178074780766
"654",654,1,1,0.158088032204021,0.307926740374716,0.00824932403332698,0.0140212957981045
"655",655,0,0,0.158729827594806,0.308362377643393,0.00909727754621839,0.0131867981290722
"656",656,0,0,0.159368691582128,0.308795571534422,0.00994181162983346,0.0124005395989352
"657",657,1,0,0.156960503419294,0.306478046856268,0.00744295998231895,0.0148252862993929
"658",658,0,0,0.157602780043348,0.306915774935549,0.00828978515114717,0.0139451533585001
"659",659,1,0,0.155207239456034,0.304608645827863,0.00580583308420357,0.0166414054668969
"660",660,0,0,0.155852851779164,0.305050823433852,0.00665488012447671,0.0156577961722047
"661",661,0,1,0.154738591776762,0.303779070339008,0.00569811321451705,0.016751191987696
"662",662,1,0,0.152359148779159,0.301485795796977,0.00323250176134185,0.0199407330766977
"663",663,0,0,0.153007020123683,0.301931870341838,0.00408216990552918,0.0187738540099906
"664",664,0,1,0.151901199022066,0.30066907496139,0.00313332308274317,0.0200688586492998
"665",665,0,1,0.150800386132075,0.299411319387458,0.00218945287669159,0.0214440141324562
"666",666,0,1,0.149704548681992,0.298158575039448,0.00125052232453662,0.0229036502590899
"667",667,0,0,0.150346553973207,0.298600829790903,0.00209227815551061,0.0215828843861544
"668",668,1,0,0.147991673226643,0.296330485505396,-0.00034713905211084,0.0256142263499246
"669",669,0,0,0.148636846652309,0.296776984824853,0.000496708479763963,0.0241441034210269
"670",670,0,0,0.149279143294133,0.297221061093521,0.00133722549474563,0.022755528250339
"671",671,0,0,0.149918581599193,0.297662731989758,0.0021744312086279,0.0214441698778823
"672",672,0,0,0.150555179855698,0.298102015022477,0.00300834468891956,0.0202059143548748
"673",673,0,1,0.149473988420498,0.296866511264521,0.00208146557647551,0.02157767774938
"674",674,1,1,0.1513649942882,0.298737872813929,0.00399211576247188,0.0188275342644143
"675",675,0,0,0.151996910035511,0.299173724246036,0.00482009582498677,0.0177340774459973
"676",676,0,0,0.15262603564147,0.299607232695554,0.00564483858738549,0.0167021379655393
"677",677,0,1,0.151548793146208,0.29837757614214,0.00472001015027551,0.017846639151695
"678",678,0,0,0.152174197088011,0.29880831192858,0.00554008224744273,0.016811776378169
"679",679,0,1,0.1511033108386,0.297585545720506,0.00462107595669473,0.0179590412797734
"680",680,0,1,0.150037174128543,0.296367564403256,0.00370678385383,0.0191766826871608
"681",681,0,0,0.150657953950306,0.296795116346689,0.00452079155392338,0.0180745339144946
"682",682,0,1,0.149598079107549,0.295583932288862,0.00361222592623614,0.0192949898934725
"683",683,0,1,0.148542881763938,0.2943774671899,0.00270829633797667,0.0205894660952982
"684",684,1,1,0.150416308685243,0.296235118546542,0.00459749882394453,0.0179572066311291
"685",685,0,1,0.14936178939589,0.295030187880884,0.00369339091089621,0.0191674901605198
"686",686,0,1,0.148311896605431,0.293829927284383,0.00279386592647887,0.0204510700873508
"687",687,1,1,0.150177809145494,0.295680282805702,0.00467533548528559,0.0178385903705753
"688",688,1,1,0.152035564551857,0.29752110706547,0.00655002203824498,0.0155498833713586
"689",689,1,0,0.149744592409365,0.295314387419878,0.00417479739885279,0.018497038095295
"690",690,1,0,0.147463556164663,0.293115047285036,0.00181206504429093,0.0219487309685065
"691",691,0,0,0.148086749774837,0.293549362876734,0.00262413667293945,0.0206934554602393
"692",692,0,0,0.148707249866032,0.293981402280168,0.00343309745189738,0.0195076261836415
"693",693,1,1,0.150546259875315,0.295801678603636,0.00529084114699493,0.0170297999707963
"694",694,0,0,0.151163220885821,0.296230864155959,0.00609557761568294,0.0160430869940608
"695",695,1,1,0.152991609488063,0.298039475993032,0.00794374298309469,0.0139906498754518
"696",696,1,0,0.150731498387423,0.295859278808524,0.005603717966323,0.0166299938794891
"697",697,1,1,0.152549404185036,0.297655647886748,0.00744316048332441,0.0145144998106035
"698",698,0,0,0.153167564111616,0.298087541425554,0.00824758679767867,0.0136621932187773
"699",699,0,0,0.153783080318115,0.298517198729017,0.00904896190721266,0.0128584384600094
"700",700,0,0,0.154395969071326,0.298944635407272,0.00984730273537948,0.0121005727980779
"701",701,1,1,0.156198256634603,0.300724930968676,0.0116715823005298,0.0105417491497452
"702",702,0,0,0.15680769886671,0.301149594318864,0.0124658034145572,0.00991393190548997
"703",703,0,1,0.155754735792079,0.29995420429207,0.0115552672920875,0.0106121008776715
"704",704,0,1,0.15470627845891,0.298763335032925,0.0106492218848942,0.0113548064524917
"705",705,0,0,0.155311374855452,0.299184965137733,0.0114377845731715,0.010684302507877
"706",706,1,1,0.157101725250819,0.300954148129554,0.0132493023720839,0.00930161844741177
"707",707,0,1,0.156055594576879,0.299766834786294,0.0123443543674634,0.00995667074864073
"708",708,1,1,0.157838769467825,0.301528376920564,0.0141491620150865,0.00866622254458313
"709",709,0,0,0.158438793099651,0.301946305125791,0.01493128107351,0.00814750460474137
"710",710,0,0,0.159036288987065,0.302362100916508,0.0157104770576217,0.00765900038391152
"711",711,1,1,0.1608068855782,0.304110383974665,0.0175033871817348,0.00665726235893257
"712",712,1,0,0.158592070086172,0.301974448832022,0.0152096913403223,0.00795609751208481
"713",713,0,0,0.159191587491098,0.302393442087248,0.015989732894947,0.00747701938543395
"714",714,0,0,0.159788595757638,0.30281031518415,0.0167668763311266,0.00702602405292719
"715",715,1,1,0.1615443232136,0.304542629440117,0.0185460169870838,0.00610724242240105
"716",716,1,0,0.159344742956841,0.302420207579805,0.016269278333878,0.00729830993898895
"717",717,0,1,0.158301286258001,0.301239501405329,0.0153630711106727,0.00782163278284322
"718",718,1,1,0.160047722643449,0.302961681550073,0.0171337637368255,0.00680665722265794
"719",719,1,1,0.161786844141328,0.304675413437177,0.0188982748454795,0.00592013639785299
"720",720,1,1,0.163518695014132,0.306380758816946,0.0206566312113178,0.00514630315987445
"721",721,1,0,0.161340482252062,0.304276154837504,0.0184048096666206,0.00614916385584091
"722",722,0,1,0.16029266409446,0.303093243243622,0.0174920849452975,0.00659723517558515
"723",723,0,0,0.160892712884232,0.303516457948827,0.0182689678196376,0.00619415690335209
"724",724,0,0,0.161490282794933,0.303937566211965,0.0190429993779008,0.0058150726563541
"725",725,0,0,0.162085388565702,0.304356582206125,0.0198141949252786,0.00545859892760221
"726",726,0,1,0.161046216091572,0.30318357106591,0.0189088611172331,0.00585645793283299
"727",727,0,0,0.161638041686811,0.303600094852902,0.0196759885207215,0.00549861764951521
"728",728,0,0,0.162227437895056,0.304014558368302,0.0204403174218097,0.00516209187495803
"729",729,0,1,0.161195388310609,0.302849494985955,0.0195412816352628,0.00553765033004047
"730",730,0,1,0.160167597174675,0.301688686563382,0.018646507785967,0.00593814893895508
"731",731,0,1,0.159144039094056,0.300532111033564,0.0177559671545469,0.0063650718753016
"732",732,0,1,0.158124688879833,0.299379746475706,0.0168696312839596,0.0068199800817146
"733",733,1,0,0.155979897991003,0.297308648322448,0.0146511476595582,0.00812858624832062
"734",734,0,1,0.154966141941067,0.296161849059676,0.0137704348224575,0.00870201131151011
"735",735,0,1,0.153956534486595,0.295019208738161,0.0128938602350294,0.00931221674581758
"736",736,0,0,0.154543657714079,0.295434713757501,0.0136526016706577,0.00876102527148567
"737",737,0,0,0.155128396898835,0.295848189782922,0.0144086040147489,0.0082415542908949
"738",738,0,1,0.154125625660301,0.294713207081507,0.0135380442390944,0.00881851557987444
"739",739,0,1,0.153126935744039,0.293582320046975,0.0126715514411028,0.00943219973613247
"740",740,0,0,0.153707711742878,0.293992989762833,0.0134224337229237,0.00887747450395605
"741",741,0,0,0.154286142122767,0.294401664821095,0.0141706194244386,0.00835446575775846
"742",742,0,0,0.154862240522547,0.294808358330745,0.0149161227143485,0.00786142218811857
"743",743,1,1,0.156563393974364,0.296490512185389,0.0166362757633393,0.00684530394091412
"744",744,1,0,0.154448253056017,0.29444878801556,0.0144477180964753,0.00815522170661002
"745",745,0,0,0.155026162446957,0.294858340247763,0.0151939846461513,0.00767192705698511
"746",746,0,0,0.155601756503727,0.295265922202291,0.0159375908051629,0.00721649602062
"747",747,0,1,0.154611860000138,0.294146453882687,0.0150772661175892,0.00772242087884721
"748",748,1,0,0.152510573288805,0.292117404236484,0.0129037423411249,0.00918614217263994
"749",749,0,0,0.153087892316039,0.292527908336929,0.0136478762951481,0.00864564144675925
"750",750,1,1,0.154771304247189,0.294191801340454,0.0153508071539239,0.00753787388765617
"751",751,1,1,0.156447960641062,0.295847891120435,0.0170480301616879,0.00656840454867438
"752",752,0,0,0.157021510066633,0.296255413442509,0.0177876066907573,0.00617499523945937
"753",753,1,1,0.158689222865881,0.297901753152121,0.0194766925796414,0.00537584402253567
"754",754,0,0,0.159259766351592,0.29830683134341,0.0202127013597728,0.00505080111119102
"755",755,0,0,0.159828052223765,0.298709987456707,0.0209461169908229,0.00474491772680687
"756",756,0,1,0.158839185579701,0.297595008637274,0.0200833625221276,0.0050856566962685
"757",757,0,0,0.159404461916063,0.297995866454473,0.020813057377654,0.00477862660344301
"758",758,0,0,0.159967511203988,0.298394830351502,0.0215401920564733,0.00448967121110332
"759",759,0,0,0.160528346062063,0.298791912434296,0.0222647796898293,0.00421775855094029
"760",760,0,1,0.159547270095328,0.297685846758522,0.0214086934321331,0.00452072121013192
"761",761,0,0,0.160105148829987,0.298080675954906,0.0221296217050681,0.00424778012470833
"762",762,1,0,0.158036171021707,0.296084285445467,0.0199880565979466,0.00507531386387945
"763",763,0,0,0.158596510613793,0.29648234151092,0.0207106797166671,0.00477002073298591
"764",764,0,0,0.15915466356229,0.29687853757492,0.0214307895496602,0.00448263251888608
"765",765,0,1,0.158182594372233,0.295782545431005,0.0205826433134609,0.004802565193976
"766",766,0,0,0.158737822290138,0.296176507667052,0.0212991369132236,0.00451411223226676
"767",767,0,1,0.157770833106578,0.295085961457251,0.0204557047559043,0.00483510628016681
"768",768,1,1,0.159411812404749,0.296708679198468,0.0221149456110311,0.00420399566684306
"769",769,1,1,0.161046349709841,0.298323961733736,0.0237687376859461,0.00365337280648304
"770",770,1,0,0.158999915603529,0.296348634191475,0.0216511970155832,0.00436651472958428
"771",771,1,1,0.160625983693146,0.297954107930526,0.0232978594557667,0.00379746332835923
"772",772,0,0,0.161180815189635,0.298349420345162,0.024012210034108,0.00356605471689915
"773",773,0,1,0.160211097909038,0.297258315382488,0.0231638804355877,0.00382403589113277
"774",774,1,1,0.161829139554451,0.298855625830072,0.0248026532788298,0.00332384935545627
"775",775,0,1,0.160860239320181,0.297765941617534,0.0239545370228271,0.00356512776926664
"776",776,0,0,0.161410787990842,0.298158205836087,0.0246633701455969,0.00334792702267084
"777",777,1,0,0.159385218790444,0.296201895852518,0.0225685417283695,0.00400024710870344
"778",778,0,0,0.159938111083973,0.296597234917567,0.023278987250379,0.00375740363573578
"779",779,1,1,0.161544105788121,0.298182227790522,0.0249059837857194,0.00326704477885646
"780",780,0,0,0.162094210238287,0.298575296216267,0.0256131242603082,0.00306693068672168
"781",781,1,0,0.160081394227384,0.296630367031089,0.0235324214236781,0.00366432390696548
"782",782,1,1,0.161677121965863,0.298204035085995,0.0251502088457311,0.0031873128030337
"783",783,1,0,0.159674577197933,0.296267216890646,0.0230819375052206,0.00380341072242623
"784",784,0,1,0.158711153911394,0.295185141790496,0.0222371660322926,0.00407914284249978
"785",785,0,1,0.157751434620545,0.294106761994381,0.0213961072467086,0.00437320842986322
"786",786,0,1,0.156795398722585,0.293032059551077,0.0205587378940931,0.00468670704902365
"787",787,0,1,0.155843025769487,0.291961016621159,0.0197250349178144,0.00502079617460844
"788",788,1,1,0.157432366532485,0.293529412713885,0.0213353203510845,0.00437601679249866
"789",789,0,1,0.156480783749119,0.292459739829926,0.0205018276683124,0.00468902999997686
"790",790,1,1,0.158064473785967,0.294022166512648,0.0221067810592864,0.00408608290647345
"791",791,0,0,0.158615598587838,0.294419699745957,0.0228114974297196,0.00383815367274526
"792",792,0,0,0.159164643386697,0.294815447109821,0.0235138396635731,0.00360490157260202
"793",793,0,0,0.159711619479865,0.295209419507971,0.0242138194517589,0.00338548323420854
"794",794,1,1,0.16128329629446,0.296759548198837,0.0258070443900831,0.00294548756495431
"795",795,0,1,0.160333293493013,0.295693601911272,0.0249729850747534,0.00316001803554108
"796",796,1,0,0.158364292171083,0.293788610792326,0.0229399735498395,0.00376707102653052
"797",797,1,0,0.156402671495419,0.291889270001195,0.0209160729896433,0.00448159739463708
"798",798,0,1,0.155458699024257,0.290829288474276,0.0200881095742385,0.00480205140343805
"799",799,0,1,0.154518285699484,0.28977286248337,0.0192637089155985,0.00514350807547696
"800",800,1,1,0.156081412124851,0.291314639425458,0.020848184824244,0.00448799123307359
"801",801,0,1,0.15514178532324,0.2902595578779,0.0200240127685807,0.00480819595345467
"802",802,0,1,0.154205683482234,0.289207999549659,0.019203367414808,0.00514934500829239
"803",803,0,0,0.154754205531446,0.289606638240871,0.0199017728220202,0.00484116526385181
"804",804,0,0,0.155300686551576,0.2900035163919,0.0205978567112517,0.00455095732530109
"805",805,0,0,0.155845137477545,0.290398644592622,0.0212916303624681,0.00427770564479259
"806",806,0,0,0.156387569165501,0.290792033348781,0.02198310498222,0.00402044984057344
"807",807,0,0,0.156927992393546,0.291183693082847,0.0226722917042459,0.00377828185104404
"808",808,0,1,0.156001131299895,0.290142978700948,0.0218592838988411,0.00404756219209481
"809",809,0,0,0.156538877115272,0.290532557313495,0.0225451969170496,0.00380447747816618
"810",810,0,0,0.157074639927095,0.29092043054378,0.0232288493104102,0.00357563340304523
"811",811,1,1,0.158619580449842,0.292446151630384,0.0247930092692988,0.00311352116672475
"812",812,0,1,0.157695732429379,0.291409621183286,0.0239818436754727,0.00333702848337684
"813",813,0,0,0.158228222118975,0.291794997550312,0.0246614466876378,0.00313543165483118
"814",814,1,1,0.159765921778066,0.29331335998436,0.0262184835717726,0.00272875954557412
"815",815,0,0,0.160295830227446,0.293696614977044,0.0268950454778489,0.00256247577580403
"816",816,0,0,0.160823798889651,0.294078204239653,0.0275693935396478,0.0024060930144898
"817",817,0,0,0.161349837980309,0.294458137615927,0.028241538344692,0.00225903784834705
"818",818,0,1,0.160431219936479,0.293428607716967,0.0274338321559914,0.00242296175035964
"819",819,0,1,0.159515983211736,0.292402452975006,0.026629513448467,0.00259785029871212
"820",820,0,1,0.158604109808353,0.291379657643399,0.0258285619733065,0.00278436982062
"821",821,0,1,0.157695581857918,0.290360206069867,0.0250309576459699,0.00298322260924825
"822",822,1,0,0.155784004524261,0.288512230730305,0.0230557783182162,0.0035548681437885
"823",823,0,0,0.156309500674428,0.288893482529468,0.0237255188193886,0.00334212051905338
"824",824,0,1,0.155406517639149,0.287879849397264,0.0229331858810342,0.00357849461432818
"825",825,0,0,0.155929460901571,0.288259116784122,0.0235998050190195,0.00336494913770675
"826",826,0,1,0.155030855772402,0.287250165472895,0.0228115460719088,0.00360212631577856
"827",827,0,1,0.154135523366389,0.286244490834807,0.0220265558979701,0.00385467247121277
"828",828,0,1,0.153243446455537,0.285242077713253,0.0212448151978202,0.00412348876375038
"829",829,1,1,0.154767153169449,0.286750364507867,0.0227839418310301,0.00359379131042661
"830",830,0,0,0.155285675501152,0.287126546647111,0.0234448043551929,0.00338027609034195
"831",831,0,1,0.15439528742024,0.286126632460652,0.0226639423798278,0.00361727764820691
"832",832,0,1,0.153508118595368,0.285129944305108,0.0218862928856288,0.00386955883688689
"833",833,0,0,0.154023518065192,0.285503856100252,0.0225431800301312,0.00364131698160734
"834",834,0,0,0.154537068349533,0.285876177413159,0.0231979592859068,0.00342620783374843
"835",835,0,1,0.153655209030539,0.284885395993644,0.022425022067434,0.00366481477532524
"836",836,0,1,0.15277652279899,0.283897797027757,0.0216552485702233,0.00391870074220618
"837",837,0,1,0.151900993163231,0.282913365953051,0.0208886203734118,0.00418875116005648
"838",838,0,1,0.151028603747195,0.281932088292943,0.0201251192014477,0.0044758967262423
"839",839,1,0,0.149154058469041,0.280120732812011,0.018187384126071,0.00531486560807742
"840",840,1,0,0.147286194356235,0.278314499633152,0.0162578890793174,0.0062984535087624
"841",841,0,0,0.14780309838568,0.27869229458331,0.0169139021880507,0.0059361463096475
"842",842,0,0,0.14831816540109,0.279068502236741,0.0175678285654394,0.00559411728727064
"843",843,0,0,0.148831404803367,0.279443131690077,0.0182196779166572,0.00527126876256209
"844",844,0,0,0.149342825928719,0.279816191971063,0.0188694598863741,0.00496656002476503
"845",845,1,0,0.147485574143902,0.278020412329532,0.0169507359582715,0.00588754232553358
"846",846,1,1,0.148987602882607,0.279509422097579,0.0184657836676346,0.00514420812573748
"847",847,0,0,0.149500390161093,0.279884597736718,0.0191161825854679,0.00484573414885547
"848",848,1,1,0.150995304883878,0.281365855334184,0.0206247544335714,0.00423025336547838
"849",849,0,0,0.151505704975761,0.281739049431075,0.0212723605204472,0.00398260109181596
"850",850,0,0,0.152014311012116,0.282110694350043,0.0219179276741887,0.0037490819578026
"851",851,1,1,0.153500405795544,0.283582665059822,0.0234181465312655,0.00326897664907753
"852",852,1,1,0.154981244660539,0.285048603886209,0.0249138854348693,0.00284894620488772
"853",853,0,0,0.155486921490328,0.285417883720025,0.0255559592606315,0.00267923551063806
"854",854,0,0,0.155990829188896,0.285785637538232,0.0261960208395609,0.0025193970556212
"855",855,1,1,0.157462972173761,0.287242435544536,0.027683508802987,0.00219313902350127
"856",856,0,0,0.157964555752009,0.287608267678495,0.0283208438255226,0.00206119599130617
"857",857,0,1,0.157096074789664,0.28663603023276,0.0275561193465677,0.00220789205894161
"858",858,0,0,0.15759531492012,0.287000033797454,0.0281905960427859,0.00207542850709086
"859",859,0,1,0.156730883242817,0.286032118028366,0.0274296484572676,0.00222265320069909
"860",860,0,0,0.157227796311507,0.286394306721022,0.0280612859019911,0.00208967151838266
"861",861,1,0,0.155400105225386,0.284627740155135,0.0261724702956368,0.00249122666018509
"862",862,0,0,0.155898928761895,0.284992400583291,0.0268054569404987,0.00234267725733848
"863",863,1,1,0.15735803209935,0.286436688250121,0.0282793759485795,0.00203917079320588
"864",864,0,1,0.156497228152443,0.285473371983588,0.0275210843212984,0.00218393609534785
"865",865,0,0,0.156993189612296,0.285835830368352,0.0281505488562409,0.0020531678384513
"866",866,0,0,0.157487441155023,0.286196814323863,0.0287780679861816,0.0019300531384851
"867",867,0,1,0.156631598221262,0.285238991920412,0.0280242045221112,0.00206687165902875
"868",868,0,0,0.157123566175892,0.285598192533666,0.0286489398181177,0.00194327380620993
"869",869,1,1,0.15857316466517,0.287033608995108,0.0301127203352313,0.00169004049899459
"870",870,1,1,0.160017738895968,0.288463269884543,0.0315722079073928,0.00146913139841761
"871",871,0,1,0.159161102800338,0.287505820907937,0.0308163846927381,0.00157464489876404
"872",872,0,1,0.158307426133487,0.286551328899111,0.0300635233678627,0.00168717523114241
"873",873,1,0,0.156504532891425,0.284808439994116,0.0282006257887345,0.00201269136519087
"874",874,0,0,0.156996131623898,0.285168644607955,0.0288236186398405,0.00189208915276544
"875",875,0,0,0.157486052217438,0.285527400137947,0.0294447042969297,0.00177855226501376
"876",876,0,1,0.156638244324108,0.284579265861974,0.0286972227862427,0.00190472425641311
"877",877,0,0,0.157125925156503,0.284936268527713,0.0293155817852934,0.00179073818840348
"878",878,1,0,0.155334043142017,0.283203881981372,0.0274642043026617,0.00213462047476811
"879",879,0,0,0.155823557321766,0.283563251750806,0.0280838628927265,0.00200729809858995
"880",880,0,0,0.156311411769175,0.283921187282955,0.0287016362553949,0.00188739815956727
"881",881,1,1,0.157740506551893,0.285336195857527,0.0301448172462596,0.00164237913028468
"882",882,1,1,0.15916471210608,0.286745609009948,0.0315838152022125,0.00142851616473833
"883",883,1,1,0.160584052631796,0.288149459796078,0.0330186454675151,0.00124194349644734
"884",884,0,0,0.161068684198914,0.288504840967757,0.0336325274300707,0.00116616030179236
"885",885,0,1,0.160221690084644,0.287559821297867,0.0328835588714217,0.00125057797822373
"886",886,0,1,0.15937757793527,0.28661767768428,0.0321374781862599,0.00134066438509056
"887",887,0,0,0.159859459104365,0.286971032834123,0.0327478853746064,0.00125940432280132
"888",888,1,1,0.161271406734874,0.288367961430694,0.0341748520390527,0.00109435212423185
"889",889,0,1,0.160428848845321,0.287428045898827,0.0334296517918144,0.00117355512344155
"890",890,0,0,0.160908040749009,0.287779327248929,0.0340367542490894,0.00110215000321829
"891",891,0,1,0.160069270085749,0.286843441293089,0.0332950988784087,0.00118166473050719
"892",892,0,1,0.159233331909477,0.285910383873949,0.032556279945005,0.00126650367218004
"893",893,0,0,0.159709825822892,0.286259680019256,0.0331599716265286,0.00118995385488629
"894",894,0,0,0.160184726987183,0.286607601542584,0.033761852431782,0.00111793465178386
"895",895,0,1,0.15935345621293,0.285679699733281,0.0330272126925786,0.00119808002707065
"896",896,1,0,0.157594089915575,0.28397932121083,0.0312088586203208,0.00143104629229058
"897",897,0,1,0.156766563492429,0.283055132537197,0.0304779944476604,0.00153256168154381
"898",898,0,1,0.15594181281155,0.282133719958425,0.0297499056646765,0.00164075106357923
"899",899,0,1,0.155119824413501,0.281215071585427,0.0290245772415757,0.00175601595202647
"900",900,0,1,0.154300584926922,0.280299175594843,0.0283019942590008,0.00187877954254779
"901",901,0,1,0.153484081067792,0.279386020228611,0.0275821419069728,0.00200948772997872
"902",902,1,1,0.154887594538916,0.280777760229238,0.0289974288485932,0.00175003186958886
"903",903,0,0,0.155360542893904,0.281125826427944,0.0295952593598647,0.00164627043160121
"904",904,0,1,0.154545442310377,0.280214726688442,0.0288761579323108,0.00176137029628088
"905",905,1,1,0.155942994186939,0.281600372080688,0.0302856162931898,0.0015331884698756
"906",906,1,0,0.15420583382037,0.279920491308965,0.0284911763317759,0.00182643757029579
"907",907,0,0,0.154679478071495,0.280270123101322,0.029088833041668,0.00171821040306568
"908",908,0,0,0.155151561137515,0.28061840142773,0.0296847208473005,0.00161625381264056
"909",909,0,1,0.154339664273761,0.279711360505638,0.0289679680418833,0.00172934774951209
"910",910,0,1,0.153530450628885,0.278807007335638,0.0282538939221316,0.00184977317061165
"911",911,0,0,0.153999934696575,0.279153364347105,0.0288465050460446,0.00174073217279814
"912",912,0,1,0.153194272199714,0.278252802675887,0.028135741723542,0.0018615782795472
"913",913,0,1,0.152391262546279,0.277354900773744,0.0274276243188134,0.00199019357878449
"914",914,1,0,0.150669988070618,0.275690361749749,0.0256496143914865,0.00236571294644647
"915",915,0,0,0.15114013689002,0.276038334260289,0.0262419395197513,0.00222783179239474
"916",916,0,0,0.151608749523131,0.276384973065565,0.0268325259806963,0.00209779949264253
"917",917,0,0,0.152075833199557,0.276730285160804,0.0274213812383094,0.00197518164776432
"918",918,0,1,0.151278951397936,0.275839189420808,0.0267187133750635,0.00211090513393745
"919",919,0,1,0.150484678263658,0.274950711015603,0.0260186455117123,0.00225525878244725
"920",920,0,0,0.150949214463249,0.275294137109691,0.0266042918168071,0.00212430244235136
"921",921,1,1,0.152329945873512,0.276665081138898,0.0279948106081254,0.00185135110138117
"922",922,0,1,0.151536975471471,0.275778528694954,0.0272954222479883,0.0019785918960258
"923",923,0,0,0.151999005714651,0.276120004014815,0.0278780074144861,0.0018632211891234
"924",924,1,1,0.153373972108069,0.277485040311824,0.0292629039043136,0.00162300845577769
"925",925,1,1,0.15474446911368,0.278844961972539,0.0306439762548205,0.00141311875136452
"926",926,1,0,0.153044199201196,0.277200730286818,0.0288876681155743,0.0016825564858778
"927",927,0,0,0.153506916978785,0.277543614443719,0.0294702195138513,0.00158345993474456
"928",928,0,1,0.152714857729174,0.276659169654477,0.0287705458038707,0.00169324933205238
"929",929,0,0,0.153175581372522,0.277000479544673,0.0293506832003703,0.00159377710239511
"930",930,1,1,0.154537468302485,0.278351545784451,0.0307233908205183,0.00138806248140262
"931",931,0,1,0.153746729258507,0.277469026484541,0.0300244320324735,0.00148477008314164
"932",932,0,1,0.152958539806486,0.276589062243112,0.0293280173698598,0.00158772967709924
"933",933,1,1,0.154316510799169,0.277936333598484,0.0306966879998551,0.00138293595909307
"934",934,1,1,0.155670115017629,0.27927861724383,0.0320616127914287,0.00120401804606117
"935",935,0,1,0.154880335294486,0.278397812608441,0.0313628579805309,0.00128842025617004
"936",936,0,0,0.155336642163672,0.278735938358479,0.0319373459688655,0.00121203429242841
"937",937,0,1,0.154550233829045,0.277858728410896,0.0312417392471933,0.00129674484167901
"938",938,0,1,0.153766341273016,0.276984039772471,0.0305486427735602,0.00138695503842983
"939",939,0,0,0.154220218818068,0.277320363753511,0.0311200738826246,0.0013052502706237
"940",940,0,1,0.153439661460475,0.276449234210162,0.030430088710788,0.00139578252195802
"941",941,1,1,0.154786990827408,0.277786344819336,0.0317876368354809,0.00121524263563172
"942",942,0,0,0.155238458530127,0.278120787637111,0.0323561294231436,0.00114337277939972
"943",943,0,0,0.155688489681628,0.278453983188097,0.0329229961751581,0.00107566409965868
"944",944,0,0,0.15613709087489,0.278785937847445,0.0334882439023358,0.00101188161769672
"945",945,0,0,0.156584268662142,0.279116657947145,0.0340518793771401,0.000951803230199634
"946",946,1,1,0.157921627708507,0.280443676643738,0.0353995787732761,0.000827324672570646
"947",947,0,1,0.157142814445951,0.279575877070506,0.0347097518213973,0.000885703505254129
"948",948,0,1,0.156366466374193,0.278710546546374,0.0340223862020123,0.000947918026580242
"949",949,0,1,0.155592572234989,0.277847675060771,0.0333374694092074,0.00101420030624119
"950",950,0,0,0.156036460320646,0.278176049262635,0.0338968713786568,0.000954209551222786
"951",951,1,1,0.157368869820558,0.279498706838705,0.0352390328024101,0.000829471195964073
"952",952,1,1,0.158697081748674,0.280816573476916,0.0365775900204312,0.000720730945621
"953",953,0,0,0.15913863681727,0.281143038181647,0.0371342354528932,0.000677511178886493
"954",954,0,0,0.159578802585747,0.281468298732999,0.037689306438496,0.000636832917342399
"955",955,0,0,0.160017585360214,0.281792361217057,0.0382428095033709,0.000598550088458967
"956",956,0,0,0.160454991408217,0.282115231679162,0.0387947511372726,0.000562524789502912
"957",957,1,1,0.161773490880566,0.283423274513653,0.0401237072474786,0.000488004715600297
"958",958,0,1,0.161000177054748,0.28256308421573,0.0394372698937664,0.000523011194307047
"959",959,1,1,0.162314787818811,0.28386700792355,0.0407625677140726,0.000453656159915914
"960",960,0,0,0.16274946158208,0.284187771437647,0.0413111517265128,0.000426089846024277
"961",961,1,1,0.164058601927294,0.285485770699754,0.0426314331548352,0.000369332769775507
"962",962,0,1,0.163284658780307,0.284625847684579,0.0419434698760347,0.000396131823765465
"963",963,1,1,0.164589967932208,0.285919794889708,0.0432601409747076,0.000343314911362723
"964",964,1,1,0.165891218856773,0.287209124609502,0.0445733131040442,0.000297423342802501
"965",965,0,0,0.166322730832551,0.287527465002599,0.0451179966625021,0.000279076063886722
"966",966,0,1,0.165548207146338,0.286667846619914,0.0444285676727614,0.00029955414052819
"967",967,0,0,0.16597793607813,0.286984785535264,0.0449710866209954,0.000281120252728837
"968",968,0,0,0.166406331553211,0.287300571130789,0.0455120919756328,0.000263801384717017
"969",969,1,1,0.1676997871308,0.288582245485677,0.0468173287759225,0.000228314776082818
"970",970,0,0,0.168126410993739,0.288896555748657,0.0473562662388212,0.000214153254104534
"971",971,0,0,0.168551715582784,0.289209726057121,0.0478937051084461,0.000200855677449077
"972",972,1,1,0.169838523320128,0.29048443971011,0.0491926069301467,0.000173675354870563
"973",973,0,1,0.169065867502179,0.289628156199348,0.0485035788050106,0.000186613249521803
"974",974,1,1,0.170348976912331,0.290898967908663,0.0497989859159991,0.000161338942260026
"975",975,0,0,0.170771658664851,0.29121012279584,0.0503331945338625,0.000151232960675551
"976",976,1,0,0.169143859255852,0.289638348194061,0.048649370317643,0.000182310679489604
"977",977,1,1,0.170420405647878,0.2909019681651,0.0499388431306562,0.000157672242724012
"978",978,1,0,0.168799263328743,0.289335523639774,0.0482630030177116,0.000189872150500323
"979",979,0,1,0.168027693689132,0.288481117087921,0.047574270290342,0.000204034223619792
"980",980,0,0,0.168453990400506,0.28879683353552,0.0481111472654913,0.000191305949984568
"981",981,0,1,0.167685565298723,0.287945756265586,0.0474253743318602,0.000205534050250051
"982",982,0,0,0.168110127062388,0.288260104065888,0.0479601500588876,0.000192742872726036
"983",983,0,0,0.168533391964124,0.288573328085913,0.0484934558423346,0.000180734747267423
"984",984,0,0,0.168955365719951,0.288885433833987,0.0490252976059157,0.000169462634123208
"985",985,0,1,0.168191620847816,0.288039604012444,0.0483436376831873,0.000182065070691579
"986",986,1,1,0.16945859625987,0.28929436442139,0.0496228280983506,0.000157495805285066
"987",987,0,0,0.169878430804485,0.289604806271951,0.050152055337018,0.000147642353642789
"988",988,0,1,0.169115988293197,0.288760785863411,0.0494711907229831,0.000158664674345093
"989",989,0,0,0.169534125946573,0.289069891291704,0.0499983606014419,0.000148761637130079
"990",990,0,0,0.169950995827992,0.289377899758049,0.0505240918979339,0.000139466940156601
"991",991,0,0,0.170366603482876,0.289684816597547,0.0510483903682046,0.000130743887729207
"992",992,1,1,0.171624900518631,0.290931150931428,0.0523186501058336,0.00011296453092136
"993",993,1,1,0.172879395794722,0.29217317279835,0.0535856187910946,9.75682835670736e-05
"994",994,0,0,0.173292912276817,0.292478390255713,0.0541074342979208,9.13934840788407e-05
"995",995,1,0,0.171695131466525,0.290935487472495,0.0524547754605539,0.000110360272061146
"996",996,0,0,0.172110193510176,0.2912426376549,0.0529777493654514,0.000103392731803573
"997",997,0,0,0.172524007201096,0.291548707550713,0.0534993068514796,9.68584370410882e-05
"998",998,0,0,0.172936577953105,0.291853702365805,0.0540194535404051,9.07309118602319e-05
"999",999,0,0,0.173347911148409,0.29215762727284,0.0545381950239781,8.49852661734937e-05
"1000",1000,1,1,0.174591114336686,0.29338820314705,0.0557940255263216,7.33500456673828e-05
